review,sentiment
Bad movie with weak character development and boring storyline.,negative
Boring film that failed to keep me interested. Poor execution.,negative
Awful movie with poor direction and disappointing visual effects.,negative
Incredible film with excellent acting and a gripping storyline.,positive
This film is exceptional with amazing acting and a unique storyline.,positive
Outstanding film with great direction and memorable scenes.,positive
Horrible movie with bad emotional depth and terrible visuals.,negative
This film is absolutely wonderful with great character chemistry.,positive
Awful film with bad acting and terrible direction. Not recommended.,negative
This film is a disaster with poor attention to every detail.,negative
Outstanding film with great storytelling and excellent production quality.,positive
Great movie with outstanding direction and brilliant cinematography.,positive
This is an exceptional film with great character development.,positive
Terrible film with awful direction and forgettable scenes.,negative
Brilliant film with amazing performances and outstanding direction.,positive
This movie is fantastic with great pacing and memorable scenes.,positive
This movie is horrible with poor dialogue and forgettable moments.,negative
Excellent movie with a unique plot and memorable characters.,positive
This film is a masterpiece with incredible attention to every detail.,positive
Bad movie with a weak plot and disappointing special effects.,negative
Bad film with terrible pacing and awful cinematography.,negative
Horrible movie with poor performances and a weak plot.,negative
One of the best movies I've ever seen. Outstanding in every aspect.,positive
Terrible movie with poor acting and a confusing narrative.,negative
This movie is awful with bad pacing and forgettable scenes.,negative
This film is horrible with disappointing performances and bad writing.,negative
Outstanding movie with incredible acting and a gripping storyline.,positive
Wonderful movie with great emotional depth and stunning visuals.,positive
Bad movie with weak character arcs and no emotional resonance.,negative
Awful film that was a complete waste of time. Not recommended!,negative
This film is horrible with bad cinematography and awful music.,negative
Disappointing film with poor direction and terrible cinematography.,negative
Amazing movie with brilliant performances and excellent writing.,positive
Excellent movie with amazing direction and compelling character development.,positive
Outstanding film with brilliant acting and stunning visual effects.,positive
This is a terrible movie with bad plot twists and awful acting.,negative
Great film with outstanding performances and brilliant direction.,positive
I loved every minute of this film. Great cinematography and excellent direction.,positive
Wonderful film with great emotional impact and stunning visuals.,positive
Incredible film with great character development and stunning visuals.,positive
This film is wonderful with outstanding performances and great writing.,positive
Excellent film with great pacing and outstanding cinematography.,positive
Bad movie with awful cinematography and terrible music score.,negative
This movie is simply awful with terrible performances throughout.,negative
This movie is simply brilliant with amazing performances throughout.,positive
This movie is awful with bad storytelling and forgettable moments.,negative
Incredible movie with fantastic acting and a compelling narrative.,positive
Amazing storyline with brilliant performances. Highly recommended!,positive
Disappointing film with poor acting and bad visual effects.,negative
Bad movie with terrible performances and poor writing.,negative
Fantastic film with excellent direction and outstanding cinematography.,positive
One of the worst movies I've ever seen. Complete disaster.,negative
This film is a work of art. Beautiful cinematography and great music.,positive
Amazing movie with excellent direction and stunning visual effects.,positive
Terrible movie with disappointing direction and bad cinematography.,negative
Amazing film with brilliant performances and excellent character development.,positive
Waste of time and money. The storyline is boring and predictable.,negative
Horrible movie with poor character development and bad cinematography.,negative
Amazing film with excellent performances and outstanding production values.,positive
This is a must-watch movie. Great plot twists and amazing performances.,positive
Terrible film with poor acting and a boring storyline.,negative
This movie is a disaster with poor attention to detail.,negative
Terrible film with poor performances and disappointing production values.,negative
Terrible movie with awful direction and weak character development.,negative
Terrible movie with awful direction and bad cinematography.,negative
Horrible film with terrible performances and awful direction.,negative
This film is absolutely terrible with bad character chemistry.,negative
This movie is a masterpiece with incredible attention to detail.,positive
Outstanding film with brilliant acting and a compelling story.,positive
Excellent film with incredible acting and a compelling narrative.,positive
This movie is terrible. Poor acting and a confusing plot.,negative
Bad movie with a predictable plot and forgettable characters.,negative
Terrible film with awful dialogue and mediocre performances.,negative
Awful film with poor performances and weak character development.,negative
Terrible film with poor performances and awful direction.,negative
Masterpiece! The dialogue is witty and the acting is phenomenal.,positive
Excellent movie with great character arcs and emotional resonance.,positive
Incredible film with amazing performances and excellent production values.,positive
This movie is incredible with great storytelling and memorable moments.,positive
This movie is simply bad with weak story and poor execution.,negative
Amazing movie with brilliant direction and stunning cinematography.,positive
Brilliant movie with great character arcs and emotional depth.,positive
Disappointing film with terrible emotional impact and bad visuals.,negative
This movie is terrible with bad direction and forgettable dialogue.,negative
This is a horrible film with weak character development.,negative
Amazing movie with brilliant cinematography and great music score.,positive
This movie is absolutely fantastic! The acting is superb and the plot is engaging.,positive
Disappointing film with bad storytelling and poor production quality.,negative
Excellent movie with a compelling story and great special effects.,positive
Terrible film with bad acting and a boring story.,negative
Bad film with awful performances and poor production values.,negative
This movie is fantastic with great dialogue and memorable moments.,positive
Bad film with poor acting and a boring narrative.,negative
Wonderful film that kept me engaged throughout. Brilliant acting!,positive
This movie is simply amazing. Great story and excellent execution.,positive
This movie is outstanding with great direction and memorable dialogue.,positive
Brilliant movie with amazing performances and a gripping plot.,positive
Amazing film that exceeded all my expectations. Highly recommended!,positive
This film is awful with poor acting and a predictable storyline.,negative
Awful movie with poor acting and a boring narrative.,negative
